id,date,text,followers_ct,friends_ct,retweet_ct,favorite_ct
1.04606E+18,9/29/2018 15:43,@krobertson @Tesla @kimbal @senorsisig Will do. Definitely moving heavily towards direct to work/home delivery of cars!,23231320,73,72,1175
1.04586E+18,9/29/2018 2:01,@alitofts @telsa @6pm Tesla will deliver your car to you. This is the future. The way it should work.,23231320,73,87,1478
1.04583E+18,9/29/2018 0:12,That was intense https://t.co/8308Zfmnoj,23231320,73,3870,42837
1.04579E+18,9/28/2018 21:52,@Model3Owners i‚ù§Ô∏èüá®üá¶,23231320,73,198,2511
1.04579E+18,9/28/2018 21:37,@Model3Owners !! Will take action.,23231320,73,64,2016
1.04579E+18,9/28/2018 21:35,And remember ‚Ä¶ https://t.co/UaDUv4OlZf,23231320,73,21033,151507
1.04579E+18,9/28/2018 21:33,Huge thank you to all Tesla supporters for helping with car deliveries all around the world. You rock!!,23231320,73,2014,42144
1.04579E+18,9/28/2018 21:23,Sorry for difficulties delivering your Tesla due to high volume! Critical to show that environmentally sustainable‚Ä¶ https://t.co/fXJx3MkSjR,23231320,73,2159,32588
1.04515E+18,9/27/2018 3:26,RT @geekwire: Japan‚Äôs ispace strikes deal with SpaceX for launches to the moon in 2020 and 2021 https://t.co/gTwpJqtbxg,23231320,73,1660,0
1.04502E+18,9/26/2018 18:25,@scottwww @Tesla Pace of innovation is all that matters in the long run,23231320,73,1211,12585
1.04501E+18,9/26/2018 17:44,@ctbarker32 @BDL3J @Tesla You‚Äôre welcome. Sorry for the delay!,23231320,73,33,866
1.045E+18,9/26/2018 17:37,@Agent_KO @Starflightgame @SpaceX @starcontrolgame What would be great is original Elite,23231320,73,48,743
1.04469E+18,9/25/2018 20:45,@neveryb Going over final tweaks tonight. Hopefully in wide release end of week.,23231320,73,109,1346
1.04469E+18,9/25/2018 20:42,‚ô•Ô∏è Tesla Owners ‚ô•Ô∏è https://t.co/YbzovKbfgj,23231320,73,3291,61894
1.04466E+18,9/25/2018 19:02,"@ParkerWoolfolk Increased tire pressure improves range. Also, if you have performance tires, they are stickier. Bet‚Ä¶ https://t.co/OUTOzOiVYh",23231320,73,39,712
1.04462E+18,9/25/2018 16:24,@ftomenko @Tesla üòÄ,23231320,73,80,3880
1.04429E+18,9/24/2018 18:37,"@ctbarker32 Apologies, we‚Äôre upgrading our logistics system, but running into an extreme shortage of car carrier tr‚Ä¶ https://t.co/0Uxn6o2GWC",23231320,73,146,1541
1.04412E+18,9/24/2018 7:18,@slashdot Tricky one,23231320,73,168,3942
1.04329E+18,9/22/2018 0:17,"@DMC_Ryan Wow, thanks for offering to help! The coming week is incredibly intense. If any current Tesla owners who‚Äô‚Ä¶ https://t.co/xxykP10x6l",23231320,73,363,2899
1.04325E+18,9/21/2018 21:40,@NASASpaceflight Probably 2028 for a base to be built,23231320,73,821,8926
1.04325E+18,9/21/2018 21:28,Mars Base Alpha https://t.co/O1llQp8rFY,23231320,73,40303,247657
1.04325E+18,9/21/2018 21:27,https://t.co/Fn0hKJd3uJ,23231320,73,6902,78073
1.04322E+18,9/21/2018 19:36,RT @chrisccollins: Here's a @Tesla spec ad I cut for fun. @elonmusk @TeslaMotorsClub @SpaceX #tesla #specad #elonmusk #spacex https://t.co/‚Ä¶,23231320,73,5531,0
1.04285E+18,9/20/2018 18:52,"@LanceUlanoff Consider an ice skater. Same weight, but spins/turns much faster with arms in vs arms out. Same principle is true for a car.",23231320,73,66,1142
1.04285E+18,9/20/2018 18:51,"@LanceUlanoff Front vs rear wheel weight distribution, though commonly asked, isn't the right question. You can hav‚Ä¶ https://t.co/3pK3SF4qo4",23231320,73,68,1044
1.04285E+18,9/20/2018 18:39,@LanceUlanoff Simple explanation of polar moment of inertia &amp; other important car terms at https://t.co/CftQ1v9YCL,23231320,73,83,967
1.04284E+18,9/20/2018 18:26,@LanceUlanoff Key technical point is that the polar moment of inertia (concentration of mass around center) of a Te‚Ä¶ https://t.co/uYKz5PsDWH,23231320,73,101,1245
1.04284E+18,9/20/2018 18:12,@martinengwicht @BlondesE A car propelled by combustion is far more likely to combust than an electric car,23231320,73,140,1493
1.04283E+18,9/20/2018 17:53,"@LanceUlanoff Yes, when it comes to physics, make sure Newton is on your side",23231320,73,85,1293
1.04283E+18,9/20/2018 17:48,"@LanceUlanoff Helps improve forward crumple zone length, especially important in high speed frontal impacts, and mo‚Ä¶ https://t.co/t95fsywjre",23231320,73,45,962
1.04283E+18,9/20/2018 17:44,Tesla piece on the physics of car safety coming soon for those interested in technical details,23231320,73,823,14759
1.04283E+18,9/20/2018 17:34,"@MartenBenjamin @NHTSAgov @Tesla Exactly, all 5 star are *not* the same, as the videos show. ‚Äú5 star‚Äù just means a‚Ä¶ https://t.co/Rc6K76EtLJ",23231320,73,117,1393
1.04283E+18,9/20/2018 17:30,@Cardoso @NHTSAgov Haha true,23231320,73,55,1174
1.04283E+18,9/20/2018 17:26,.@NHTSAgov will post final safety probability stats soon. Model 3 has a shot at being safest car ever tested.,23231320,73,1776,19974
1.04282E+18,9/20/2018 16:54,RT @Jalopnik: Tesla Model 3 gets five-star crash safety rating from NHTSA https://t.co/Fs1rjlcrcA https://t.co/jvqmkfjSKj,23231320,73,1055,0
1.04282E+18,9/20/2018 16:52,RT @business: Tesla Model 3 sedan aces all of U.S. safety agency's crash tests https://t.co/LlFD0pHtiE,23231320,73,1512,0
1.04268E+18,9/20/2018 7:41,@LindseyStirling üëΩüíò,23231320,73,63,1410
1.0426E+18,9/20/2018 2:42,"@primadanna @Tesla @alphacali Wow, glad they‚Äôre ok!",23231320,73,301,10479
1.04258E+18,9/20/2018 0:56,@vicentes @DanAloni @slashdot Physics can be thought of as the compression algorithms of reality,23231320,73,138,1214
1.04253E+18,9/19/2018 21:45,‚ô•Ô∏è @neiltyson,23231320,73,2850,28692
1.04253E+18,9/19/2018 21:27,@raginggoat @Tesla Tesla Rangers!,23231320,73,116,5031
1.04253E+18,9/19/2018 21:26,"@CJDaniels77 31 engines, but with room to add 11 more down the road. Kinda have to.",23231320,73,58,1109
1.04252E+18,9/19/2018 20:51,"@JaneidyEve @slashdot Yes, if there is no listener, a simulation probably wouldn‚Äôt spend computing power on sound",23231320,73,77,1097
1.04252E+18,9/19/2018 20:47,@DanAloni @slashdot Yes,23231320,73,29,795
1.04252E+18,9/19/2018 20:47,"True üòÄ
https://t.co/CS6semhKm6",23231320,73,3074,24954
1.04251E+18,9/19/2018 20:42,"@slashdot To conserve computing power, a simulation would only render an object when it is observed",23232270,73,892,8183
1.04248E+18,9/19/2018 18:42,"RT @CNBCi: Tesla is 'headed for the graveyard,' predicts former GM exec Bob Lutz https://t.co/M0iIvzcKi5 https://t.co/AM9Z0DbbCz",23232270,73,366,0
1.04246E+18,9/19/2018 17:19,@megangale @Tesla You‚Äôre most welcome! Sorry for the delay.,23232270,73,27,667
1.04212E+18,9/18/2018 18:44,@Erdayastronaut Will do. Love Reddit.,23232270,73,89,2464
1.04212E+18,9/18/2018 18:37,@Cardoso @SoundBoy264 Space Bar,23232270,73,51,1617
1.04212E+18,9/18/2018 18:34,"@JaneidyEve @ds23ytube Long-term, there will be thousands and eventually, hopefully, millions of missions &amp; anyone will be able to go",23232270,73,87,1111
1.04212E+18,9/18/2018 18:26,"@perthguppy Yeah, Starlink should be active by then",23232270,73,166,4850
1.04212E+18,9/18/2018 18:25,@LisaPadgett @bocio777 @TArkesteijn Sorry! So many bots!!,23232270,73,20,1387
1.04212E+18,9/18/2018 18:24,"Moon mission will be livestreamed in high def VR, so it‚Äôll feel like you‚Äôre there in real-time minus a few seconds for speed of light",23232270,73,24603,164138
1.04211E+18,9/18/2018 18:11,@bocio777 Perhaps one of the invited artists choosing to play. There will be no obligation to do so.,23232270,73,39,1934
1.04211E+18,9/18/2018 18:08,@ryaneshaghi Very close,23232270,73,52,1766
1.04211E+18,9/18/2018 18:07,https://t.co/nqgfNWlm4Z,23232270,73,5122,50462
1.04211E+18,9/18/2018 17:38,RT @yousuck2020: Another serious shot w @elonmusk https://t.co/e11lyfjfFN,23232270,73,4498,0
1.04208E+18,9/18/2018 15:53,@Oatmeal üòÄ,23232270,73,32,1418
1.04198E+18,9/18/2018 9:27,@JamesMarstersOf @bioshock Always,23232270,73,17,561
1.04198E+18,9/18/2018 9:07,@sleepingromi @yousuck2020 @rogerwaters @SpaceX @dearmoonproject Yes,23232270,73,76,2665
1.04195E+18,9/18/2018 7:33,@yousuck2020 @SpaceX That‚Äôs the first BFR airframe/tank barrel section made of a new carbon fiber material,23232270,73,312,6421
1.04191E+18,9/18/2018 4:24,"@MKBHD Yeah ‚Ä¶ that‚Äôs exactly how I feel. However it happens, I just hope it does.",23232270,73,1032,29971
1.0419E+18,9/18/2018 4:20,"RT @yousuck2020: I choose to go to the moon, with Artists. #dearMoon 
https://t.co/ivMypEcWBZ",23232270,73,8778,0
1.0419E+18,9/18/2018 4:09,@yousuck2020 Thanks for helping fund a rocket &amp; spaceship that could take humanity beyond Earth!,23232270,73,535,9420
1.04188E+18,9/18/2018 2:43,Hanging out with @yousuck2020 before the @SpaceX moon mission announcement https://t.co/RTOwutzMtG,23231320,73,9536,64689
1.04188E+18,9/18/2018 2:41,Yusaku will be bringing 8 (brave) artists &amp; cultural figures with him on the journey around the moon! https://t.co/PCU23HYTa9,23231320,73,6044,37645
1.04183E+18,9/17/2018 23:20,@martinengwicht @iamacloudguy @Model3Owners Probably V10 alpha build,23231320,73,32,692
1.04183E+18,9/17/2018 23:19,"@DMC_Ryan @iamacloudguy @Model3Owners Yes, albeit a beta version. Will improve with V9.1.",23231320,73,33,806
1.04183E+18,9/17/2018 23:08,@iamacloudguy @Model3Owners Good news on this front. Tesla engineering rallied &amp; this will be part of V9. Going through final testing now.,23231320,73,298,6113
1.04183E+18,9/17/2018 23:06,Thank you for your trust in the @SpaceX team. Greatly appreciated. https://t.co/hqZPNdoMlr,23231320,73,890,13780
1.0418E+18,9/17/2018 21:33,@cleantechnica Will be interesting to see how this evolves over time,23231320,73,95,2921
1.0418E+18,9/17/2018 21:18,@NigelKBaker Will see what we can do. Really need to bring this program to an end while being as fair as possible.‚Ä¶ https://t.co/iT8OBACB6M,23231320,73,28,568
1.0418E+18,9/17/2018 21:11,@martinengwicht Very interesting,23231320,73,27,581
1.04179E+18,9/17/2018 20:59,"Due to some Tesla owners encountering system issues yesterday, the free Supercharging referral program will be exte‚Ä¶ https://t.co/9o0OLxnJXx",23231320,73,516,7551
1.04177E+18,9/17/2018 19:30,@beardyman This is definitely worth thoughtful debate. What might we do differently to improve human/life happiness?,23231320,73,65,1181
1.04177E+18,9/17/2018 19:18,"@LanceUlanoff @SpaceX @NASA Yes, I do",23231320,73,52,2356
1.04177E+18,9/17/2018 19:16,Top SpaceX priority is and will remain supporting @NASA crewed spaceflight and National Security missions,23231320,73,961,20142
1.04177E+18,9/17/2018 19:10,"Btw, can‚Äôt emphasize enough how @SpaceX would not be where it is today without @NASA. Thank you.",23231320,73,4325,57807
1.04158E+18,9/17/2018 6:42,@ConorMcDPhoto With lasers,23231320,73,114,2902
1.04158E+18,9/17/2018 6:41,@SpaceX My fav tweet ever,23231320,73,1748,28451
1.04157E+18,9/17/2018 6:18,"@ummjackson if you can help get rid of the annoying scam spammers, that would be much appreciated",23231320,73,102,1341
1.04156E+18,9/17/2018 5:32,@AntVenom Ok,23231320,73,223,3331
1.04156E+18,9/17/2018 5:29,@SwiftOnSecurity Maybe the scammers will just get tired of winning eventually,23231320,73,228,6215
1.04156E+18,9/17/2018 5:28,"@FalconGridFin Good catch. They are there in the flight design, but we forgot to put them in this render.",23231320,73,56,1845
1.04156E+18,9/17/2018 5:11,#OccupyMars,23231320,73,17559,90886
1.04155E+18,9/17/2018 5:03,@vicentes Forward moving wing,23231320,73,42,1557
1.04155E+18,9/17/2018 5:00,https://t.co/dUpiavvM1Z,23231320,73,9398,85390
1.04155E+18,9/17/2018 4:59,https://t.co/d1KEp44zjm,23231320,73,8863,83177
1.04155E+18,9/17/2018 4:44,@thepixelgeek üòâ,23231320,73,57,1921
1.0415E+18,9/17/2018 1:34,"@megangale @Tesla Sorry, we‚Äôve gone from production hell to delivery logistics hell, but this problem is far more t‚Ä¶ https://t.co/iEUNPUxKZr",23231320,73,283,7659
1.04149E+18,9/17/2018 0:34,@RoxanaDaneshjou @boringcompany Awesome üòé,23231320,73,60,2678
1.04148E+18,9/17/2018 0:23,"@johnkoetsier Design has been changed so the üöÄ lands on legs that extend from the tips of the three fins, two of wh‚Ä¶ https://t.co/1wwnT9QZJ8",23231320,73,368,5267
1.04148E+18,9/17/2018 0:13,"@nirbheek Sorry, it‚Äôs not really sustainable at volume production &amp; doesn‚Äôt incent optimal behavior. We probably sh‚Ä¶ https://t.co/4MaDlD9AEH",23231320,73,24,603
1.04144E+18,9/16/2018 21:46,@ddkilzer Yes,23231320,73,10,553
1.04144E+18,9/16/2018 21:18,"@thereal_scottv Yeah, that‚Äôs our problem. Service &amp; parts supply in general will be the top Tesla priority after we‚Ä¶ https://t.co/asqLQG3q1U",23231320,73,47,1087
1.04143E+18,9/16/2018 20:35,"@SnazzyQ Outside repair shops are jack of all trades, which means supporting 1000‚Äôs of makes &amp; models. Tesla collis‚Ä¶ https://t.co/yQav1xJpgm",23231320,73,73,1524
1.04142E+18,9/16/2018 20:24,Goal is for repaired car to be better than before accident. Should always be true if damaged/used parts are correct‚Ä¶ https://t.co/qY4E2MlOBd,23231320,73,758,14381
1.04142E+18,9/16/2018 20:21,"Exciting to see some Tesla collision repair operations already completing within 24 hrs. Aiming for same day soon, then under an hour.",23231320,73,764,12866
1.04142E+18,9/16/2018 20:20,"Tesla is bringing most collision repairs in-house, as outside firms take weeks to months for repairs, driving Tesla owners (and us) crazy",23231320,73,1581,23550
1.04111E+18,9/15/2018 23:37,@TechGrlTweeter True,23231320,73,16,749
1.04111E+18,9/15/2018 23:36,"Tesla owners can grant free Supercharging for life to a friend who buys S/3/X. Ends tomorrow night. https://t.co/7ZDXeIQVc7""",23231320,73,2488,19947
1.04077E+18,9/15/2018 1:17,"RT @Tesla: ‚ÄúAfter driving a Model 3, every other car‚Äôs console feels like a misuse of wires and visual real estate‚Äù @PopMech https://t.co/N‚Ä¶",23231320,73,1472,0
1.04073E+18,9/14/2018 22:35,@TheTrustySteed @Tesla Hi Dustin!,23231320,73,53,3519
1.04063E+18,9/14/2018 15:56,@JoannMuller @alanohnsman @Forbes The Tesla board has done incredible work overseeing the largest value creation in‚Ä¶ https://t.co/cldHRAknKP,23231320,73,577,9395
1.04061E+18,9/14/2018 14:42,"@mcwm The muskrat is like a beaver with small ideas, but it has a certain quiet dignity ‚Ä¶",23231320,73,63,1061
1.04061E+18,9/14/2018 14:33,@mcwm Wut? https://t.co/suB8ZFtthK,23231320,73,62,1083
1.04061E+18,9/14/2018 14:24,@mcwm Haha üòÄ,23231320,73,175,8633
1.04049E+18,9/14/2018 6:28,@FalconGridFin @SpaceX Intentionally so,23231320,73,72,1421
1.04049E+18,9/14/2018 6:25,Electric cars made with sunlight https://t.co/utVdn9mSmy,23231320,73,7494,63915
1.04041E+18,9/14/2018 1:05,@AntVenom @SpaceX üáØüáµ,23231320,73,572,3166
1.04041E+18,9/14/2018 1:05,@FalconGridFin @SpaceX Yes,23231320,73,86,3108
1.04041E+18,9/14/2018 1:04,RT @SpaceX: SpaceX has signed the world‚Äôs first private passenger to fly around the Moon aboard our BFR launch vehicle‚Äîan important step to‚Ä¶,23231320,73,27783,0
1.04032E+18,9/13/2018 19:05,"RT @Commercial_Crew: From trying on spacesuits to preparing for potential emergencies, see how astronauts are getting ready to fly on the t‚Ä¶",23231320,73,985,0
1.04014E+18,9/13/2018 7:38,Bricks will be free if used for affordable housing projects,23231320,73,1807,21626
1.04014E+18,9/13/2018 7:30,@CleAgentBrandon Yes,23231320,73,42,1635
1.04014E+18,9/13/2018 7:27,First Boring Brick store opening in ~2 months. Only 10 cents a brick! Rated for California seismic loads.,23231320,73,1297,16104
1.04014E+18,9/13/2018 7:26,@dylanstw__ @boringcompany About to finish first TBC HQ building made with Boring Bricks in the shape of a medieval watchtower,23231320,73,112,1526
1.04014E+18,9/13/2018 7:23,.@boringcompany will transport your car all the way into your garage https://t.co/DPnkC80NWH,23231320,73,1810,17883
1.04001E+18,9/12/2018 22:40,@SyrinxStarman @TeslaRoadTrip @Tesla Thoughtful feedback,23231320,73,55,3337
1.03998E+18,9/12/2018 21:03,"Due to a large increase in vehicle delivery volume in North America, Tesla customers may experience longer response‚Ä¶ https://t.co/2L1xx0mADc",23231320,73,1780,33085
1.03998E+18,9/12/2018 21:02,"@PauloBriski @Tesla My apologies, am working on this exact issue right now",23231320,73,39,723
1.03959E+18,9/11/2018 18:57,"RT @NASAJPL: #NeverForget
There is a 9/11 tribute on Mars. The hardware with the US flag on @MarsRovers Spirit is made of aluminum recovere‚Ä¶",23231320,73,4037,0
1.03945E+18,9/11/2018 9:45,RT @elonmusk: Looks so sus when we paint cars red https://t.co/SIO2nInjhJ,23231320,73,8505,0
1.03944E+18,9/11/2018 8:54,@adultswim @RickandMorty Best show in the multiverse!,23231320,73,4197,42585
1.0394E+18,9/11/2018 6:45,"@ebf No, service will stock all colors",23232271,73,29,2176
1.0394E+18,9/11/2018 6:43,@DMC_Ryan @EdoubleZero Love that red. We tried every possible way to make red look 3D without floating a special re‚Ä¶ https://t.co/fxUkaehEhS,23232271,73,110,2966
1.03939E+18,9/11/2018 5:50,Moving 2 of 7 Tesla colors off menu on Wednesday to simplify manufacturing. Obsidian Black &amp; Metallic Silver will s‚Ä¶ https://t.co/VYOE0im0Va,23232271,73,1534,28684
1.03925E+18,9/10/2018 20:23,RT @InsideEVs: Blazingly quick! @Tesla #Model3 Performance Hits 60 MPH In Record-Setting 3.13 Seconds https://t.co/2JntHIlsUz,23232271,73,566,0
1.03922E+18,9/10/2018 18:16,"RT @Tesla: ""It's almost as if time slows down... it's a pleasure and a marvel to experience"" @caranddriver
https://t.co/XsHTpsfYqM",23232271,73,766,0
1.03902E+18,9/10/2018 5:34,RT @SpaceX: Successful deployment of Telstar 18 VANTAGE to a geostationary transfer orbit confirmed. https://t.co/nlRgxoILJ9,23232271,73,1968,0
1.03891E+18,9/9/2018 22:05,RT @jack: This is an honest and fun conversation between @elonmusk and @joerogan. Stop at the headlines and memes and you‚Äôll miss all the t‚Ä¶,23232271,73,4702,0
1.0389E+18,9/9/2018 21:17,RT @SpaceX: Falcon 9 and Telstar 18 VANTAGE are vertical on Pad 40 in Florida. Weather is 60% favorable for tonight‚Äôs four-hour launch wind‚Ä¶,23232271,73,1906,0
1.03855E+18,9/8/2018 21:52,@TheOceanCleanup Looks cool,23232271,73,195,5208
1.03854E+18,9/8/2018 21:20,"Not easy coming up with a good cover story for an underground volcano lair, but I think it‚Äôs working",23232271,73,8941,96199
1.03853E+18,9/8/2018 20:36,Test-driving our new boring machine with a üéÆ https://t.co/WBcDo8ra6p,23232271,73,5232,44277
1.03836E+18,9/8/2018 9:34,"@Tesla_Bill @InsideEVs 2170 is about the right cell size, but I don‚Äôt recommend copying our current module design.‚Ä¶ https://t.co/GG7Kl5by7n",23232271,73,174,4559
1.03833E+18,9/8/2018 7:43,@caitylotz Like sands through the hourglass ‚Ä¶,23232271,73,288,9279
1.03815E+18,9/7/2018 19:49,@PEpicerie 10 types of people in the world: those who understand binary &amp; those who don‚Äôt ü¶äüê∂,23232271,73,222,2046
1.03812E+18,9/7/2018 17:56,"@karaswisher @themightyoo @itsmanibro Will do soon, as promised",23232271,73,31,906
1.03798E+18,9/7/2018 8:22,"@xJawz @RNaegels @joerogan @peterthiel @reidhoffman Not me, I‚Äôm gonna die right here in the USA. Or Mars. Just not on impact.",23232271,73,121,1595
1.03798E+18,9/7/2018 8:11,I am a business magnet,23232271,73,6846,59165
1.03797E+18,9/7/2018 8:00,"Good times with @JoeRogan ‚Ä¶
https://t.co/8uZUsEJoq1",23232271,73,8717,59866
1.0379E+18,9/7/2018 3:11,@andrew_gold_ Will add a fade mode with only essential info,23232271,73,26,729
1.0375E+18,9/6/2018 0:48,"Tesla 1st, 2nd &amp; 3rd in August sales https://t.co/npDKC9QEpP",23232271,73,1538,14247
1.03749E+18,9/6/2018 0:15,RT @InsideEVs: Holy cow! @Tesla #Model3 Outsold All BMW Passenger Cars In US https://t.co/NQVNz7rluQ,23231321,73,1665,0
1.03725E+18,9/5/2018 8:01,Will be on @JoeRogan at 9:30pm Pacific on Thursday,23231321,73,18196,107835
1.03721E+18,9/5/2018 5:07,"@andrew_gold_ Am running it in my car, but it‚Äôs not right yet. Hopefully, will release to advanced early access use‚Ä¶ https://t.co/NwzYLhOolx",23231321,73,63,892
1.03674E+18,9/3/2018 22:25,"@mliebow @Tesla Much appreciated! Great word-of-mouth is why Model 3 is the best-selling electric car, despite no a‚Ä¶ https://t.co/c0chjdggPv",23231321,73,808,13878
1.03671E+18,9/3/2018 20:03,"RT @genejayne: We got our first  Tesla Model 3 in December 2017. It was so damn good, we got another one in February 18 for my son. Now, th‚Ä¶",23231321,73,2091,0
1.0367E+18,9/3/2018 19:47,RT @SpaceX: Forward hatch view of Dragon departing the @Space_Station earlier this month. https://t.co/L1Kc5XI0G7,23231321,73,5561,0
1.03536E+18,8/31/2018 2:39,"@FredericLambert @pooktd The multi-coat colors (pearl white &amp; red) are hardest, red especially, as it has red tint‚Ä¶ https://t.co/M2JbLXNbeU",23231321,73,50,934
1.03533E+18,8/31/2018 0:36,"@pooktd Sorry, we‚Äôve put pretty extreme rules in place for paint &amp; quality in general. If need be, we‚Äôre repainting‚Ä¶ https://t.co/hvVy6H0i1i",23231321,73,56,1077
1.03532E+18,8/31/2018 0:18,@CNN Can Steve Bannon please insult me some more? Best PR I‚Äôve had in a while.,23231321,73,4647,56797
1.0353E+18,8/30/2018 23:04,"RT @Tesla: ""Track Mode left me literally shaking with adrenaline"" @roadshow 
https://t.co/Et46ft1905",23231321,73,1040,0
1.03503E+18,8/30/2018 4:59,@ElectrekCo @FredericLambert !,23231321,73,432,8396
1.03465E+18,8/29/2018 4:10,@GlamandGore I was told that his parents preferred that his name not be mentioned,23231321,73,143,6981
1.03449E+18,8/28/2018 17:13,@JohnnaCrider1 V cool,23231321,73,139,4638
1.03449E+18,8/28/2018 17:03,@yoda @RMac18 @TijenOnaran So you actually did nothing &amp; yet imply you are a truth-seeker. The Twitter name you chose is @yoda.,23231321,73,68,1713
1.03448E+18,8/28/2018 16:52,"@yoda @RMac18 @TijenOnaran Answer the question @yoda. You brought it up, not me. Did you investigate or not? If so,‚Ä¶ https://t.co/eBSBcnW82l",23231321,73,53,1173
1.03448E+18,8/28/2018 16:50,"@McMurchie @alexmd2 @Techmeme @CatherineShu At this point, I want ETH even if it is a scam",23231321,73,1985,5640
1.03448E+18,8/28/2018 16:46,@yoda @RMac18 @TijenOnaran Did you investigate at all? I‚Äôm guessing answer is no. Why?,23231321,73,50,1027
1.03448E+18,8/28/2018 16:44,"@alexmd2 @Techmeme @CatherineShu It‚Äôs coming, I swear",23231321,73,50,1656
1.03448E+18,8/28/2018 16:41,@yoda @RMac18 @TijenOnaran You don‚Äôt think it‚Äôs strange he hasn‚Äôt sued me? He was offered free legal services. And you call yourself @yoda ‚Ä¶,23231321,73,210,1767
1.03448E+18,8/28/2018 16:33,@Techmeme @CatherineShu Great actions by Twitter to delete bogus accounts. Will increase usage by real users.,23231321,73,221,4598
1.03446E+18,8/28/2018 15:11,"@TijenOnaran For the record, my voice cracked once during the NY Times article. That‚Äôs it. There were no tears.",23231321,73,966,16300
1.03428E+18,8/28/2018 3:10,@TheIanChen @Tesla Sure :),23231321,73,46,1012
1.03421E+18,8/27/2018 22:51,@jwiechers @SwiftOnSecurity I want that outfit,23231321,73,17,593
1.03354E+18,8/26/2018 2:35,"The world lost a great man in John McCain. He was an honorable, kind, brave and fundamentally decent human being. I‚Ä¶ https://t.co/KUnxG1VA4o",23231321,73,9577,93309
1.03349E+18,8/25/2018 23:22,@GrowthHackers This is why a small company with tight focus &amp; high energy can beat a big company without,23231321,73,506,4961
1.03349E+18,8/25/2018 23:20,@SeanHQuinn @yanquetino @Tesla This is utterly false. Fossil fuel merchants of doubt have been pushing that bs for‚Ä¶ https://t.co/TDOivc7cy0,23231321,73,394,3699
1.03349E+18,8/25/2018 23:15,RT @elonmusk: @yanquetino @Tesla Most people don‚Äôt realize that the cost of operating an electric vehicle is much lower than a gas car. Ele‚Ä¶,23231321,73,5067,0
1.03349E+18,8/25/2018 23:15,@yanquetino @Tesla Most people don‚Äôt realize that the cost of operating an electric vehicle is much lower than a ga‚Ä¶ https://t.co/CwCU40VmPo,23231321,73,5067,40795
1.03341E+18,8/25/2018 17:29,@j_brorsson @InsideEVs @Tesla @AirResources Most major customers have tried it &amp; love it. Now we need to finish pro‚Ä¶ https://t.co/uVYLiR2VAY,23231321,73,109,1315
1.03341E+18,8/25/2018 17:25,@InsideEVs @Tesla @AirResources Maybe ‚Ä¶,23231321,73,40,798
1.0334E+18,8/25/2018 17:24,"@AskDrStupid This was key showstopper for me personally. Couldn‚Äôt make it happen, even through expert fiduciary SPV‚Ä¶ https://t.co/sSiVfsc3cF",23231321,73,213,2999
1.03326E+18,8/25/2018 7:55,"@ElectrekCo @FredericLambert The extension cord was 1000 miles long, but still",23231321,73,98,2162
1.03326E+18,8/25/2018 7:50,@ElectrekCo @FredericLambert What‚Äôs cool is that it was driven across the country alone (no escort or any accompany‚Ä¶ https://t.co/JJgtGj1N4Z,23231321,73,656,9691
1.03323E+18,8/25/2018 5:49,"@Tesla In talking to our public investors, most were supportive of optimizing for long-term value creation over qua‚Ä¶ https://t.co/Sk4XcIqSD0",23231321,73,988,13920
1.03322E+18,8/25/2018 5:19,RT @Tesla: Staying Public https://t.co/gUrAnInBOu,23231321,73,5590,0
1.0332E+18,8/25/2018 4:05,@nichegamer It‚Äôs almost done,23231321,73,931,3311
1.0332E+18,8/25/2018 4:04,"@isco__ Yes üòÄüñ§üöÄ, looks brutal otherwise",23231321,73,34,1166
1.0332E+18,8/25/2018 4:01,This is actually real https://t.co/I5wZrqYoCW,23231321,73,2954,32892
1.0332E+18,8/25/2018 4:01,"This time, the vacuum tunnel will be a bit longer &amp; SpaceX will provide some advance funding for student teams with‚Ä¶ https://t.co/ZtIkF5nZZ5",23231321,73,1347,11455
1.03316E+18,8/25/2018 1:26,"RT @LenosGarage: 3 motors.
10,000Nm of torque.
Top speed of 250+ mph.

The 2020 Tesla Roadster is more like a fighter plane. #JayLenosGarag‚Ä¶",23231321,73,4933,0
1.03298E+18,8/24/2018 13:05,"@AshleyEsqueda Tesla Car Karaoke hopefully ready in OTA software update version 10. Just played Missile Command, As‚Ä¶ https://t.co/EoXG4MzNO0",23231321,73,697,12098
1.03281E+18,8/24/2018 1:41,@ElectrekCo I was just there. Cardboard being prepped for recycling along southern fence line caught fire. Super ap‚Ä¶ https://t.co/MrWAzWPGlv,23231321,73,599,12809
1.0328E+18,8/24/2018 1:37,"Goal is to service your car wherever you are, quietly &amp; quickly. No need to bring it to a Tesla service center. https://t.co/KCIFtliZr8",23231321,73,5319,47409
1.03258E+18,8/23/2018 10:30,@Model3Owners Ok,23231321,73,116,3786
1.03258E+18,8/23/2018 10:27,"Love born in the brain is more spirited, doubtless, than true love, but it has only flashes of enthusiasm; it knows‚Ä¶ https://t.co/XNTiYEMNmI",23231321,73,5526,37588
1.03257E+18,8/23/2018 10:03,@VoxPolitico So many saved drafts. So ‚Ä¶ so many.,23231321,73,77,1715
1.03256E+18,8/23/2018 9:32,@VoxPolitico I‚Äôm dying to,23231321,73,667,16472
1.03242E+18,8/23/2018 0:17,"@tldtoday @Tesla Cool, lmk if you have suggestions for improvement after you drive it",23231321,73,86,3461
1.03242E+18,8/23/2018 0:08,@CathieDWood Thank you for the thoughtful letter,23231321,73,123,3052
1.03241E+18,8/22/2018 23:36,@tldtoday @Tesla Thanks for buying our car! Would highly recommend performance version. It‚Äôs really good &amp; I don‚Äôt‚Ä¶ https://t.co/rs1UQ3wLay,23231321,73,349,10287
1.03229E+18,8/22/2018 15:15,@Teslatunity @Tesla Coming soon,23231321,73,31,679
1.03213E+18,8/22/2018 5:04,@LittleMissFlint Definitely,23231321,73,14,1140
1.03204E+18,8/21/2018 23:11,https://t.co/Q9JE06lmWN,23231321,73,2914,42123
1.03197E+18,8/21/2018 18:20,"@wuhfel Instagram is so thirsty, yet gives you Death by Water",23231321,73,189,1039
1.03196E+18,8/21/2018 17:44,@wuhfel Didn‚Äôt ‚Äúlike‚Äù it,23231321,73,65,809
1.03196E+18,8/21/2018 17:43,Really makes me wanna buy Rice Krispies https://t.co/PEVjRe4YnU,23231321,73,2388,18083
1.03196E+18,8/21/2018 17:40,@AlexanderPayton Excession,23231321,73,18,431
1.03194E+18,8/21/2018 16:08,Read Eliot‚Äôs notes on The Waste Land https://t.co/2SSsHiJmiO https://t.co/uToAi4kBi1,23231321,73,620,5701
1.03168E+18,8/20/2018 23:28,RT @MKBHD: NEW VIDEO - Tesla Factory Tour with Elon Musk! https://t.co/JwlED0vP3s - RT! https://t.co/NEt90rFzbu,23231321,73,3712,0
1.03126E+18,8/19/2018 19:14,@O_Landman @Tesla Version 10,23231321,73,101,1243
1.03111E+18,8/19/2018 9:32,@ariannahuff Ford &amp; Tesla are the only 2 American car companies to avoid bankruptcy. I just got home from the facto‚Ä¶ https://t.co/KQ1dOYjKlW,23231321,73,3896,43239
1.03074E+18,8/18/2018 8:38,Super appreciate free concert for Tesla during this intense time! üñ§üñ§ https://t.co/bHCofIaReS,23231321,73,1216,21199
1.03063E+18,8/18/2018 1:47,Great meeting you! https://t.co/Z16NK3GuXp,23231321,73,6020,83318
1.03024E+18,8/16/2018 23:38,@StephenNellis @Tesla Nvidia makes great hardware. High respect for Jensen &amp; company. Our hardware needs were just‚Ä¶ https://t.co/dXhcqpQfgp,23231321,73,340,6649
1.02995E+18,8/16/2018 4:25,Model 3 review by Unbox ... https://t.co/UeA9MXyva1 via @YouTube,23231321,73,1416,12187
1.02994E+18,8/16/2018 3:54,@BSaiHemanth Missile Command &amp; Lunar Lander already working in dev build. We changed the control mapping for max fun on a touchscreen.,23231321,73,58,988
1.02994E+18,8/16/2018 3:49,Defeating traffic is the ultimate boss battle,23231321,73,13340,101187
1.02994E+18,8/16/2018 3:43,RT @MayorOfLA: Always exciting to see innovative ideas like the proposed Dugout Loop to @Dodgers Stadium that could help ease congestion on‚Ä¶,23231321,73,435,0
1.02994E+18,8/16/2018 3:38,"RT @boringcompany: The Boring Company is excited to announce Dugout Loop ‚Äì a high-speed, zero-emissions, underground public transportation‚Ä¶",23231321,73,2223,0
1.02986E+18,8/15/2018 22:47,RT @SpaceX: Falcon 9 lands on the ‚ÄúOf Course I Still Love You‚Äù droneship and returns to port after delivering the Merah Putih satellite to‚Ä¶,23231321,73,3861,0
1.02951E+18,8/14/2018 23:43,RT @Commercial_Crew: Hear from the five astronauts who will be the first fly @boeingspace's Starliner and @SpaceX's Crew Dragon to the Inte‚Ä¶,23231321,73,843,0
1.02927E+18,8/14/2018 7:29,RT @boringcompany: We are hosting student tours of the Hawthorne tunnel site for schools in LA County! Each tour can accommodate up to 30 s‚Ä¶,23231321,73,643,0
1.02924E+18,8/14/2018 5:30,@MacTechGenius @kaushal_k @kevinmitnick Blue too,23231321,73,72,834
1.02924E+18,8/14/2018 5:22,@kaushal_k @kevinmitnick Hex nostalgia,23231321,73,72,756
1.02924E+18,8/14/2018 5:17,@kevinmitnick 49 20 77 61 73 2e 20 53 6f 72 72 79 20 74 6f 20 68 61 76 65 20 6d 69 73 73 65 64 20 79 6f 75 2e,23231321,73,534,7383
1.02923E+18,8/14/2018 5:00,RT @SpaceX: The first four @NASA astronauts who will fly aboard Crew Dragon visited the factory to meet employees today. https://t.co/MLGrh‚Ä¶,23231321,73,2908,0
1.02917E+18,8/14/2018 1:02,"@Tesla I‚Äôm excited to work with Silver Lake and Goldman Sachs as financial advisors, plus Wachtell, Lipton, Rosen &amp;‚Ä¶ https://t.co/MrXU5ULvOu",23231321,73,1327,13239
1.02902E+18,8/13/2018 14:47,@amitkatwala @WiredUK Open to it at some point. You did an impressive amount of work on this article.,23231321,73,34,1201
1.029E+18,8/13/2018 13:47,"@amitkatwala @WiredUK Mostly accurate, even though I didn‚Äôt do an interview (or pose for cover)",23231321,73,444,9362
1.02899E+18,8/13/2018 12:44,@physorg_com @ETH_en @PNASNews ETH beam heh heh,23231321,73,69,1302
1.02898E+18,8/13/2018 12:36,"@Josh1C Good idea, we will add this feature!",23231321,73,116,6203
1.02877E+18,8/12/2018 22:42,Model 3 traction testing on pure ice &amp; snow https://t.co/knIg6JMNHO,23231321,73,3327,32501
1.02835E+18,8/11/2018 18:42,Great Q&amp;A @defcon last night. Thanks for helping make Tesla &amp; SpaceX more secure! Planning to open-source Tesla veh‚Ä¶ https://t.co/FuJqake7Ew,23231321,73,3725,25254
1.02835E+18,8/11/2018 18:36,"@momof3terrors Thanks, great feedback. Will be a fun  project for Tesla design. Love the idea of adding a special i‚Ä¶ https://t.co/ckQR4GHPCr",23231321,73,30,674
1.02834E+18,8/11/2018 17:42,"@FredericLambert @woodhaus2 Production design will be better, especially in details. We are dying to do this, but p‚Ä¶ https://t.co/4O8hIvNGQz",23231321,73,413,7576
1.02815E+18,8/11/2018 5:10,@Photofeature He was amazing,23231321,73,11,574
1.02814E+18,8/11/2018 4:51,@PrydeFoltz Not if you had a wide elastic at the top,23231321,73,10,582
1.02814E+18,8/11/2018 4:43,@ShorealoneFilms Busted,23231321,73,136,1947
1.02814E+18,8/11/2018 4:41,And thigh high socks with pockets for lipliner &amp; cards,23231321,73,2308,18438
1.02813E+18,8/11/2018 4:14,@KiannaFierce Of course,23231321,73,34,911
1.02813E+18,8/11/2018 4:12,Unis3x,23231321,73,1060,11329
1.02813E+18,8/11/2018 4:11,Paired with thigh-high sockboots,23231321,73,1119,11967
1.02813E+18,8/11/2018 4:01,What are your fav short shorts?,23231321,73,1106,10820
1.02813E+18,8/11/2018 3:50,S3XY,23231321,73,8368,35646
1.02812E+18,8/11/2018 3:30,Short shorts coming soon to Tesla merch,23231321,73,14288,79545
1.02812E+18,8/11/2018 3:21,@davidein Put them on &amp; post a selfie,23231321,73,213,3835
1.02807E+18,8/11/2018 0:22,.@defcon. hqr sz wut.,23231321,73,1175,8920
1.02803E+18,8/10/2018 21:21,RT @Tesla: 99% of the US population is within 150 miles of a Supercharger https://t.co/AbUNtEMzzC,23231321,73,2038,0
1.02802E+18,8/10/2018 20:34,@thesheetztweetz @Chubbies @davidein @khency6 @CNBC Awesome ü§£,23231321,73,35,738
1.0278E+18,8/10/2018 6:08,"@JohnnaSabri @Medium Love this from P&amp;P: ‚ÄúOne has got all the goodness, and the other all the appearance of it.‚Äù Re‚Ä¶ https://t.co/xP7bjkytVr",23231321,73,170,3577
1.02778E+18,8/10/2018 5:02,@SpaceXUpdates Those are the new design made of titanium. Doesn‚Äôt need heat shielding or even paint.,23231321,73,225,4824
1.02764E+18,8/9/2018 19:51,RT @Model3Owners: Free trial of Autopilot for those who haven‚Äôt purchased it is starting to roll out. 14 days to decide if you want it or n‚Ä¶,23231321,73,705,0
1.02732E+18,8/8/2018 22:12,"@lexiheft @FredericLambert @lexfridman Sorry, meant to say same timeframe as hardware",23231321,73,97,633
1.02732E+18,8/8/2018 22:09,@komocode @FredericLambert @lexfridman Yes,23231321,73,15,525
1.02732E+18,8/8/2018 22:06,RT @FredericLambert: It appears that there's overwhelming support from @ElectrekCo readers for @elonmusk's plan to take @Tesla private: htt‚Ä¶,23231321,73,644,0
1.02731E+18,8/8/2018 22:04,@FredericLambert @lexfridman Probably 4 to 6 months. Those who order full self-driving get the upgrade at no cost.‚Ä¶ https://t.co/ryB29jUJHO,23231321,73,122,1050
1.02729E+18,8/8/2018 20:46,Tesla deliveries &amp; AP hardware chart by @lexfridman at MIT https://t.co/6vZxKMcec2,23231321,73,1305,11709
1.02691E+18,8/7/2018 19:36,Investor support is confirmed. Only reason why this is not certain is that it‚Äôs contingent on a shareholder vote. https://t.co/bIH4Td5fED,23231321,73,2958,19727
1.02691E+18,8/7/2018 19:09,RT @elonmusk: @MindFieldMusic Def no forced sales. Hope all shareholders remain. Will be way smoother &amp; less disruptive as a private compan‚Ä¶,23231321,73,731,0
1.02691E+18,8/7/2018 19:07,@MindFieldMusic Def no forced sales. Hope all shareholders remain. Will be way smoother &amp; less disruptive as a priv‚Ä¶ https://t.co/CSpYLGDYIL,23231321,73,731,7904
1.02691E+18,8/7/2018 19:00,"@thatspacegeek Yes, but liquidity events would be limited to every 6 months or so (like SpaceX)",23231321,73,112,1814
1.0269E+18,8/7/2018 18:38,RT @elonmusk: @heydave7 Absolutely. Am super appreciative of Tesla shareholders. Will ensure their prosperity in any scenario.,23231321,73,521,0
1.02689E+18,8/7/2018 18:14,@FredericLambert No change,23231321,73,54,1403
1.02689E+18,8/7/2018 18:13,Shareholders could either to sell at 420 or hold shares &amp; go private,23231321,73,2219,19533
1.02689E+18,8/7/2018 18:07,@heydave7 Absolutely. Am super appreciative of Tesla shareholders. Will ensure their prosperity in any scenario.,23231321,73,521,7188
1.02689E+18,8/7/2018 18:03,RT @elonmusk: @Gfilche My hope is *all* current investors remain with Tesla even if we‚Äôre private. Would create special purpose fund enabli‚Ä¶,23231321,73,984,0
1.02689E+18,8/7/2018 18:00,@Gfilche My hope is *all* current investors remain with Tesla even if we‚Äôre private. Would create special purpose f‚Ä¶ https://t.co/Jj1hlndG7h,23231321,73,984,8974
1.02689E+18,8/7/2018 17:49,@EvotoRentals Yes,23231321,73,60,2267
1.02689E+18,8/7/2018 17:40,@FredericLambert I don‚Äôt have a controlling vote now &amp; wouldn‚Äôt expect any shareholder to have one if we go private‚Ä¶ https://t.co/xvx0M3jWIJ,23231321,73,161,1694
1.02688E+18,8/7/2018 17:28,Good morning üòÄ,23231321,73,3546,50382
1.02688E+18,8/7/2018 17:15,@LizClaman @Tesla 420,23231322,73,1003,6746
1.02687E+18,8/7/2018 16:48,Am considering taking Tesla private at $420. Funding secured.,23231322,73,16362,88769
1.0266E+18,8/6/2018 22:52,RT @arstechnica: #SpaceX wants to re-fly a Block 5 rocket for the first time tonight‚Äîthe two-hour launch window opens at 1:18am ET Tuesday‚Ä¶,23231322,73,593,0
1.02658E+18,8/6/2018 21:38,"RT @SpaceX: Falcon 9 and Merah Putih are vertical on Pad 40 in Florida. Weather is 80% favorable for the two-hour launch window, which open‚Ä¶",23231322,73,2766,0
1.02658E+18,8/6/2018 21:38,RT @SpaceX: Dragon returned home yesterday after its second month-long stay at the @Space_Station. It‚Äôs now headed to port for a cargo hand‚Ä¶,23231322,73,2652,0
1.02654E+18,8/6/2018 18:42,"RT @Tesla: .@jalopnik reviews Model 3 Performance
https://t.co/Vejb9fTY5Q",23231322,73,527,0
1.02627E+18,8/6/2018 0:37,@ChillinQuillen @joerogan Maybe Thursday,23231322,73,121,1380
1.02626E+18,8/6/2018 0:24,That‚Äôs right provided the two Crew Dragon test flights go well. Hardware will def be ready. https://t.co/KcAFArYn1x,23231322,73,1675,14335
1.02626E+18,8/6/2018 0:04,@gdb @OpenAI @Blitz_DotA Great work by @OpenAI. Need the neural interface soon to enable human/AI symbiosis.,23231322,73,143,1160
1.02625E+18,8/5/2018 23:37,@Excellion We‚Äôre working on a new Tesla mini-car that can squeeze in an adult,23231322,73,94,878
1.02623E+18,8/5/2018 22:21,@Khoji Yes,23231322,73,10,294
1.02623E+18,8/5/2018 22:14,"@Rengle820 Model S P100D is def still the top end, but Model 3 Performance is higher value for money",23231322,73,35,504
1.02621E+18,8/5/2018 20:52,RT @Scobleizer: @NeilHUSA @elonmusk Not true. With three kids in the car you need to stop every three hours for bathroom and food anyway. C‚Ä¶,23231322,73,323,0
1.02621E+18,8/5/2018 20:47,"@lexiheft Early access will have bugs (usually minor, but you never know for sure), so would not advise early acces‚Ä¶ https://t.co/2eiOMtjCNh",23231322,73,16,541
1.0262E+18,8/5/2018 20:33,@Scobleizer üñ§ Tesla Autopilot Team üñ§,23231322,73,46,931
1.0262E+18,8/5/2018 20:30,@vicentes @vishaljotshi Everywhere ‚Ä¶,23231322,73,11,416
1.0262E+18,8/5/2018 20:30,@LanceUlanoff @vishaljotshi Much more interesting,23231322,73,11,371
1.0262E+18,8/5/2018 20:29,"@chriscardinal Games &amp; other refinements will go to all Tesla S, X &amp; 3 from start of production. Autopilot enhancem‚Ä¶ https://t.co/VU6mavEv0r",23231322,73,34,529
1.0262E+18,8/5/2018 20:24,Glad you‚Äôre enjoying Model 3 &amp; thanks for buying a Tesla! Major enhancements to Autopilot &amp; fun games coming in a m‚Ä¶ https://t.co/dnCzWK3KuC,23231322,73,641,9533
1.0262E+18,8/5/2018 20:19,@vishaljotshi Yup,23231322,73,26,1012
1.02619E+18,8/5/2018 19:47,@MatthewTBishop @mattdebord Def worth it. Model 3 Performance is next-level.,23231322,73,53,1020
1.02619E+18,8/5/2018 19:43,"@bbccomedy @BoycottStuff üñ§ Tracey ‚Äú‚Ä¶ before I knew it, I was writing to The Guardian ‚Ä¶‚Äù ü§£ü§£ü§£",23231322,73,19,465
1.02619E+18,8/5/2018 19:32,@marks22 Thanks for the tip. His attention to detail is excellent.,23231322,73,14,429
1.02619E+18,8/5/2018 19:31,@JmChile @OpenAI The humans,23231322,73,217,3713
1.02619E+18,8/5/2018 19:31,Love The Handmaiden. Director also made original Korean Oldboy. https://t.co/FtXqNflQlr,23231322,73,322,4427
1.02619E+18,8/5/2018 19:18,@WorldAndScience Very tiny,23231322,73,392,8147
1.02616E+18,8/5/2018 17:52,Performance Model 3 review by @mattdebord https://t.co/uEA599VPcX,23231322,73,734,6828
1.02607E+18,8/5/2018 11:51,"Dang, turns out even Hitler was shorting Tesla stock ‚Ä¶ https://t.co/RLM1VQ5O3K",23231322,73,2912,19123
1.02579E+18,8/4/2018 17:01,Still as true today as it was 6 years ago,23231322,73,479,12361
1.02579E+18,8/4/2018 17:00,Squirrels ‚Ä¶ https://t.co/sVegPxD046,23231322,73,1377,16949
1.02538E+18,8/3/2018 13:50,RT @Space_Station: Station teams from around the world polled ‚Äúgo‚Äù for Friday‚Äôs release of the @SpaceX #Dragon cargo craft and its splashdo‚Ä¶,23231322,73,776,0
1.02538E+18,8/3/2018 13:48,RT @Tesla: Tesla Grid Controller and Powerpacks optimize renewable energy across Samoa‚Äôs grid https://t.co/yhu738mRt0 https://t.co/w2TpAAaH‚Ä¶,23231322,73,1048,0
1.02514E+18,8/2/2018 21:57,@DMC_Ryan Will work with current hardware. OTA update.,23231322,73,29,597
1.02513E+18,8/2/2018 21:42,RT @Tesla: Gigafactory 1 battery production has reached an annualized run rate of¬†‚âà20 GWh - more kWh than all other carmakers combined http‚Ä¶,23231322,73,2653,0
1.02477E+18,8/1/2018 21:14,RT @SpaceX: Dragon and the @Space_Station passed over SpaceX headquarters and across the face of the Moon last weekend. After a month-long‚Ä¶,23231322,73,2416,0
1.02476E+18,8/1/2018 20:58,@BrouardMartin @atari Definitely,23231322,73,17,594
1.02476E+18,8/1/2018 20:55,@scoti5 @levine Bioshock is amazing,23231322,73,163,1090
1.02476E+18,8/1/2018 20:51,"@SadCookieCrisp Something like that, but more of an adults in cars anime vibe",23231322,73,685,4753
1.02476E+18,8/1/2018 20:47,Please send examples of prior work when applying. Looking for max playability &amp; creativity.,23231322,73,1184,18046
1.02476E+18,8/1/2018 20:45,"If you‚Äôre into video game development, consider applying to Tesla. We want to make super fun games that integrate t‚Ä¶ https://t.co/MZcsHs5D8s",23231322,73,12668,79103
1.02476E+18,8/1/2018 20:39,@BlacklistTrader üòõ,23231323,73,19,522
1.02476E+18,8/1/2018 20:38,@MobiiliMika @atari Cool idea!,23231323,73,15,603
1.02476E+18,8/1/2018 20:37,@Model3Owners @atari Good idea &amp; thanks for Supercharger trophy reminder. Really want to make the car as fun as possible!,23231323,73,46,871
1.02473E+18,8/1/2018 18:50,@megazone @RyanHummer @atari Yup,23231323,73,22,698
1.02473E+18,8/1/2018 18:49,"@jlgolson @atari Hoping to include last three in this release, with pole position linked to actual car steering whe‚Ä¶ https://t.co/UJ7OO2nteL",23231323,73,145,2429
1.02473E+18,8/1/2018 18:46,@RyanHummer @atari We will try to squeeze it in,23231323,73,18,878
1.02473E+18,8/1/2018 18:43,@jlgolson @atari What are your favorites?,23231323,73,25,930
1.02473E+18,8/1/2018 18:42,@austjennings Yes,23231323,73,49,1223
1.02473E+18,8/1/2018 18:41,@nantonius @atari Yes,23231323,73,16,626
1.02473E+18,8/1/2018 18:41,@lexiheft @atari Yes,23231323,73,33,820
1.02473E+18,8/1/2018 18:40,Some of best classic @Atari games coming as Easter eggs in Tesla V9.0 release in about 4 weeks. Thanks @Atari!,23231323,73,4157,35921
1.02467E+18,8/1/2018 15:05,Falcon 9 launches Iridium to orbit from Vandenberg Air Force Base https://t.co/7GTzx0a24d,23231323,73,725,8336
1.02456E+18,8/1/2018 7:46,@tictoc Tragic. Will send Einhorn a box of short shorts to comfort him through this difficult time.,23231323,73,727,10655
1.02456E+18,8/1/2018 7:19,@WorldAndScience And most of remaining 0.14% is Jupiter. We are tiny dust on tiny dust.,23231323,73,2918,34607
